,D656296,Colin,"P. Cahon","",COLIN,"P. CAHON","",UNKNOWN,
,D656296,Celina,"M. Corr","",CELINA,"M. CORR","",UNKNOWN,
,D656296,"","","Carston & Cahoon, LLP","","","CARSTON & CAHOON, LLP",UNKNOWN,
,D656297,Veronica-Adele,"R. Cao","",VERONICA-ADELE,"R. CAO","",UNKNOWN,
,D656297,"","","Weiss & Moy, P.C.","","","WEISS & MOY, P.C.",UNKNOWN,
,D656298,"","","Stroock & Stroock & Lavan LLP","","","STROOCK & STROOCK & LAVAN LLP",UNKNOWN,
,D656299,"","","Minn Law Firm","","","MINN LAW FIRM",UNKNOWN,
,D656299,Jerome,"V. Sartain","",JEROME,"V. SARTAIN","",UNKNOWN,
,D656299,Justin,"G. Sanders","",JUSTIN,"G. SANDERS","",UNKNOWN,
,D656300,Walter,"A. Hackler","",WALTER,"A. HACKLER","",UNKNOWN,
,D656301,H.,"Jay Spiegel","",H.,"JAY SPIEGEL","",UNKNOWN,
,D656302,"","","Thomas & Karceski, P.C.","","","THOMAS & KARCESKI, P.C.",UNKNOWN,
,D656303,"","","Shoemaker and Mattare","","","SHOEMAKER AND MATTARE",UNKNOWN,
,D656304,"","","GrayRobinson, P.A.","","","GRAYROBINSON, P.A.",UNKNOWN,
,D656305,Richard,"K. C. Chang, II","",RICHARD,"K. C. CHANG, II","",UNKNOWN,
,D656306,D.,"Michael Burns","",D.,"MICHAEL BURNS","",UNKNOWN,
,D656307,D.,"Michael Burns","",D.,"MICHAEL BURNS","",UNKNOWN,
,D656308,"","","Schwegman, Lunberg & Woessner, P.A.","","","SCHWEGMAN, LUNBERG & WOESSNER, P.A.",UNKNOWN,
,D656309,"","","Perkins Coie LLP","","","PERKINS COIE LLP",UNKNOWN,
,D656310,Andrew,"F. Young, Esq.","",ANDREW,"F. YOUNG, ESQ.","",UNKNOWN,
,D656310,"","","Lackenbach Siegel, LLP","","","LACKENBACH SIEGEL, LLP",UNKNOWN,
,D656311,Barry,"G. Magidoff","",BARRY,"G. MAGIDOFF","",UNKNOWN,
,D656312,"","","Abelman, Frayne & Schwab","","","ABELMAN, FRAYNE & SCHWAB",UNKNOWN,
,D656313,"","","Foley & Lardner LLP","","","FOLEY & LARDNER LLP",UNKNOWN,
