NICOLE,NICOLE,CAVIN,"",FRISCO,TX,US,0,33.1505556,-96.8233333,0,D656296,2010,2010,2012,2010-12-16,"FRITOLAY NORTH AMERICA INC",H000000000005,D1-128/D1-106,,D656296-0,D656296-0,D656296-0
DIVYA,DIVYA,PARUCHURI,"",PLANO,TX,US,0,33.0197222,-96.6986111,1,D656296,2010,2010,2012,2010-12-16,"FRITOLAY NORTH AMERICA INC",H000000000005,D1-128/D1-106,,D656296-1,D656296-1,D656296-1
MICHAEL,MICHAEL,ZBUCHALSKI,"",PLANO,TX,US,0,33.0197222,-96.6986111,2,D656296,2010,2010,2012,2010-12-16,"FRITOLAY NORTH AMERICA INC",H000000000005,D1-128/D1-106,,D656296-2,D656296-2,D656296-2
MICHAELA,MICHAELA,"M CHRISTIAN","","NORTH LAS VEGAS",NV,US,0,36.1988889,-115.1166667,0,D656297,2009,2009,2012,2009-04-24,,,D2-627,,D656297-0,D656297-0,D656297-0
HEATHER,HEATHER,"THOMSON SCHINDLER","","NEW YORK",NY,US,0,40.7141667,-74.0063889,0,D656298,2009,2009,2012,2009-12-21,"TIMES THREE CLOTHIER LLC",H000000000012,D2-703,,D656298-0,D656298-0,D656298-0
BRIAN,BRIAN,"JEFFERY PETERS","","HUNTINGTON BEACH",CA,US,0,33.6602778,-117.9983333,0,D656299,2011,2011,2012,2011-01-24,,,D2-742,,D656299-0,D656299-0,D656299-0
DEBI,DEBI,PURCELL,"","LAGUNA HILLS",CA,US,0,33.6125,-117.7119444,0,D656300,2011,2011,2012,2011-01-25,,,D2-742,,D656300-0,D656300-0,D656300-0
MICHAEL,MICHAEL,"SCOTT RANDALL","",SHELBURNE,VT,US,0,44.3805556,-73.2280556,0,D656301,2011,2011,2012,2011-10-12,"THE VERMONT TEDDY BEAR COMPANY INC",H000000000010,D2-858,,D656301-0,D656301-0,D656301-0
WADE,WADE,DRIGGERS,"",RICHMOND,VA,US,0,37.5536111,-77.4605556,0,D656302,2010,2010,2012,2010-08-09,,,D2-946,,D656302-0,D656302-0,D656302-0
KARL,KARL,MULLER,"",Roggwil,"",CH,"",47.238835,7.817814,0,D656303,2009,2009,2012,2009-11-25,"KYBUN AG",H000000000008,D2-947/D2-956,,D656303-0,D656303-0,D656303-0
CLAUDIO,CLAUDIO,FRANCO,"",Montebelluna,"",IT,"",45.775278,12.038889,1,D656303,2009,2009,2012,2009-11-25,"KYBUN AG",H000000000008,D2-947/D2-956,,D656303-1,D656303-1,D656303-1
GILBERTO,GILBERTO,DEBIASE,"","BOCA RATON",FL,US,0,26.3583333,-80.0833333,0,D656304,2011,2011,2012,2011-02-23,"BBC INTERNATIONAL LLC",H000000000002,D2-960/D2-951/D2-958,,D656304-0,D656304-0,D656304-0
KENNETH,KENNETH,"GOLDEN HARPER","",OREM,UT,US,0,40.2969444,-111.6938889,0,D656305,2011,2011,2012,2011-05-20,"ICON IP INC",H000000000007,D2-960/D2-951/D2-954/D2-958,,D656305-0,D656305-0,D656305-0
JONATHAN,JONATHAN,"G BACON","",WESTFORD,MA,US,0,42.5791667,-71.4383333,0,D656306,2010,2010,2012,2010-11-08,"ACUSHNET COMPANY",H000000000001,D2-969,,D656306-0,D656306-0,D656306-0
JAMES,JAMES,"M FEENEY","",MARION,MA,US,0,41.7,-70.7633333,0,D656307,2010,2010,2012,2010-11-08,"ACUSHNET COMPANY",H000000000001,D2-969,,D656307-0,D656307-0,D656307-0
RICHARD,RICHARD,"A MOCHEN","",MILTON,MA,US,0,42.2494444,-71.0666667,1,D656307,2010,2010,2012,2010-11-08,"ACUSHNET COMPANY",H000000000001,D2-969,,D656307-1,D656307-1,D656307-1
PAUL,PAUL,"O TEETER","",PEMBROKE,MA,US,0,42.0713889,-70.8097222,2,D656307,2010,2010,2012,2010-11-08,"ACUSHNET COMPANY",H000000000001,D2-969,,D656307-2,D656307-2,D656307-2
KIN-JOE,KIN-JOE,SHAM,"",SHOREVIEW,MN,US,0,45.0791667,-93.1469444,0,D656308,2010,2010,2012,2010-11-18,"ORTHOCOR MEDICAL INC",H000000000009,D3-2031,,D656308-0,D656308-0,D656308-0
OLIVER,OLIVER,RENELT,"",Hamburg,"",DE,"",53.633562,9.993119,0,D656309,2011,2011,2012,2011-05-03,"ZERO1TV GMBH",H000000000013,D3-218,,D656309-0,D656309-0,D656309-0
ALEXANDER,ALEXANDER,GRUBER,"",Berlin,"",DE,"",54.035729,10.449869,1,D656309,2011,2011,2012,2011-05-03,"ZERO1TV GMBH",H000000000013,D3-218,,D656309-1,D656309-1,D656309-1
VALERIE,VALERIE,"M CIPTAK","",OSSINING,NY,US,0,41.1627778,-73.8619444,0,D656310,2011,2011,2012,2011-04-08,"THOMPSONWEILER ENTERPRISES LLC",H000000000011,D3-226,,D656310-0,D656310-0,D656310-0
JUSTIN,JUSTIN,"S WERNER","","SEVERNA PARK",MD,US,0,39.0702778,-76.5455556,1,D656310,2011,2011,2012,2011-04-08,"THOMPSONWEILER ENTERPRISES LLC",H000000000011,D3-226,,D656310-1,D656310-1,D656310-1
GRACELIA,GRACELIA,CHIURAZZI,"","NEW YORK",NY,US,0,40.7141667,-74.0063889,0,D656311,2010,2010,2012,2010-09-14,"DEVI KROELL INC",H000000000004,D3-232,,D656311-0,D656311-0,D656311-0
"VALÉRIE","VALÉRIE",GERBI,"",Paris,"",FR,"",48.866667,2.333333,0,D656312,2011,2011,2012,2011-05-10,"DESIGN SPORTSWEARS",H000000000003,D3-232,,D656312-0,D656312-0,D656312-0
JEAN-LOUIS,JEAN-LOUIS,DUMAS,"",Paris,"",FR,"",48.866667,2.333333,0,D656313,2010,2010,2012,2010-12-23,"HERMES SELLIER",H000000000006,D3-243,,D656313-0,D656313-0,D656313-0
PIERRE-ALEXIS,PIERRE-ALEXIS,"DUMAS LEGAL REPRESENTATIVE","",Paris,"",FR,"",48.866667,2.333333,1,D656313,2010,2010,2012,2010-12-23,"HERMES SELLIER",H000000000006,D3-243,,D656313-1,D656313-1,D656313-1
SANDRINE,SANDRINE,"BREKKE-DUMAS LEGAL REPRESENTATIVE","",Paris,"",FR,"",48.866667,2.333333,2,D656313,2010,2010,2012,2010-12-23,"HERMES SELLIER",H000000000006,D3-243,,D656313-2,D656313-2,D656313-2
COULI,COULI,JOBERT,"",Paris,"",FR,"",48.866667,2.333333,3,D656313,2010,2010,2012,2010-12-23,"HERMES SELLIER",H000000000006,D3-243,,D656313-3,D656313-3,D656313-3
